,ref_pos,ref_base,query_base,query_pos,ref_pos_aln,query_pos_aln,ref_contig_len,query_contig_len,ref_strand,query_strand,ref_contig,query_contig,protein_ID,common_name,product,start,end,strand,contig,location,snp_position
0,1408,C,G,1613829,1408,1408,3782950,2796631,1,-1,BX842601.2,contig_1,cds-CAE77685.1,dnaA,chromosomal replication initiator protein dnaA,1,1416,+,BX842601.2,within_gene,1408
1,56910,G,C,1558327,176,56910,3782950,2796631,1,-1,BX842601.2,contig_1,cds-CAE77743.1,Bd0062,conserved hypothetical protein,56811,57236,+,BX842601.2,within_gene,56910
2,57086,T,C,1558151,105,57086,3782950,2796631,1,-1,BX842601.2,contig_1,cds-CAE77743.1,Bd0062,conserved hypothetical protein,56811,57236,+,BX842601.2,within_gene,57086
3,57191,C,T,1558046,105,57191,3782950,2796631,1,-1,BX842601.2,contig_1,cds-CAE77743.1,Bd0062,conserved hypothetical protein,56811,57236,+,BX842601.2,within_gene,57191
4,374179,G,A,1241058,126949,374179,3782950,2796631,1,-1,BX842601.2,contig_1,cds-CAE78383.1,Bd0396,putative periplasmic protein TonB,373916,374866,-,BX842601.2,within_gene,374179
5,501128,T,C,1114109,78,501128,3782950,2796631,1,-1,BX842601.2,contig_1,cds-CAE78513.1,Bd0538,hypothetical protein predicted by Glimmer/Critica,500891,501412,+,BX842601.2,within_gene,501128
6,501206,T,C,1114031,13,501206,3782950,2796631,1,-1,BX842601.2,contig_1,cds-CAE78513.1,Bd0538,hypothetical protein predicted by Glimmer/Critica,500891,501412,+,BX842601.2,within_gene,501206
7,501219,C,A,1114018,13,501219,3782950,2796631,1,-1,BX842601.2,contig_1,cds-CAE78513.1,Bd0538,hypothetical protein predicted by Glimmer/Critica,500891,501412,+,BX842601.2,within_gene,501219
8,501236,T,C,1114001,15,501236,3782950,2796631,1,-1,BX842601.2,contig_1,cds-CAE78513.1,Bd0538,hypothetical protein predicted by Glimmer/Critica,500891,501412,+,BX842601.2,within_gene,501236
9,501251,C,A,1113986,15,501251,3782950,2796631,1,-1,BX842601.2,contig_1,cds-CAE78513.1,Bd0538,hypothetical protein predicted by Glimmer/Critica,500891,501412,+,BX842601.2,within_gene,501251
10,501297,T,C,1113940,34,501297,3782950,2796631,1,-1,BX842601.2,contig_1,cds-CAE78513.1,Bd0538,hypothetical protein predicted by Glimmer/Critica,500891,501412,+,BX842601.2,within_gene,501297
11,501331,G,.,1113906,34,501331,3782950,2796631,1,-1,BX842601.2,contig_1,cds-CAE78513.1,Bd0538,hypothetical protein predicted by Glimmer/Critica,500891,501412,+,BX842601.2,within_gene,501331
12,548330,A,G,1066908,46999,548330,3782950,2796631,1,-1,BX842601.2,contig_1,cds-CAE78557.1,fer,putative ferredoxin,548504,548737,+,BX842601.2,intergenic,548330
13,791972,C,.,823266,97957,791972,3782950,2796631,1,-1,BX842601.2,contig_1,cds-CAE78789.1,Bd0844,ABC-type transporter%2C periplasmic domain,792160,792984,+,BX842601.2,intergenic,791972
14,889929,C,G,725310,23643,725310,3782950,2796631,1,-1,BX842601.2,contig_1,cds-CAE78880.1,Bd0940,30S ribosomal protein S18,889949,890218,-,BX842601.2,intergenic,889929
15,991671,T,.,625575,49741,625575,3782950,2796631,1,-1,BX842601.2,contig_1,cds-CAE78975.1,Bd1045,hypothetical protein predicted by Glimmer/Critica,990129,991673,+,BX842601.2,within_gene,991671
16,1041412,.,A,575834,49741,575834,3782950,2796631,1,-1,BX842601.2,contig_1,cds-CAE79028.1,Bd1106,hypothetical protein predicted by Glimmer/Critica,1041766,1042383,+,BX842601.2,intergenic,1041412
17,1140987,.,A,476258,99575,476258,3782950,2796631,1,-1,BX842601.2,contig_1,cds-CAE79108.1,cinA,nucleotide-utilizing enzyme,1140243,1140992,-,BX842601.2,within_gene,1140987
18,1386285,C,T,230960,230960,230960,3782950,2796631,1,-1,BX842601.2,contig_1,cds-CAE79350.1,Bd1464,DNA polymerase III%2C delta subunit,1385281,1386291,+,BX842601.2,within_gene,1386285
19,1760878,G,.,138428,37118,138428,3782950,978107,1,1,BX842601.2,contig_2,cds-CAE79692.1,Bd1834,NADP-dependent malate dehydrogenase,1760870,1761238,-,BX842601.2,within_gene,1760878
20,1797996,T,.,175545,37118,175545,3782950,978107,1,1,BX842601.2,contig_2,cds-CAE79726.1,Bd1873,putative methyl accepting chemotaxis protein,1797965,1799014,-,BX842601.2,within_gene,1797996
21,2119264,A,T,496813,36,481295,3782950,978107,1,1,BX842601.2,contig_2,cds-CAE80054.1,Bd2223,hypothetical protein predicted by Glimmer/Critica,2118845,2120434,+,BX842601.2,within_gene,2119264
22,2119300,C,T,496849,31,481259,3782950,978107,1,1,BX842601.2,contig_2,cds-CAE80054.1,Bd2223,hypothetical protein predicted by Glimmer/Critica,2118845,2120434,+,BX842601.2,within_gene,2119300
23,2119331,G,A,496880,31,481228,3782950,978107,1,1,BX842601.2,contig_2,cds-CAE80054.1,Bd2223,hypothetical protein predicted by Glimmer/Critica,2118845,2120434,+,BX842601.2,within_gene,2119331
24,2138589,T,.,516137,56,461971,3782950,978107,1,1,BX842601.2,contig_2,cds-CAE80072.1,glt,glutamate synthase,2138723,2140267,-,BX842601.2,intergenic,2138589
25,2138645,.,C,516194,3,461914,3782950,978107,1,1,BX842601.2,contig_2,cds-CAE80072.1,glt,glutamate synthase,2138723,2140267,-,BX842601.2,intergenic,2138645
26,2138648,.,C,516198,3,461910,3782950,978107,1,1,BX842601.2,contig_2,cds-CAE80072.1,glt,glutamate synthase,2138723,2140267,-,BX842601.2,intergenic,2138648
27,2315225,A,T,692775,137997,285333,3782950,978107,1,1,BX842601.2,contig_2,cds-CAE80223.1,cheA,chemotaxis histidine kinase,2314310,2316259,+,BX842601.2,within_gene,2315225
28,2453222,C,T,830772,137997,147336,3782950,978107,1,1,BX842601.2,contig_2,cds-CAE80342.1,mgtE,Mg2+ transporter MgtE,2453260,2454603,+,BX842601.2,intergenic,2453222
29,2600580,.,C,758,7,22,3782950,779,1,-1,BX842601.2,contig_3,cds-CAE80471.1,Bd2680,hypothetical protein predicted by Glimmer/Critica,2599160,2603878,-,BX842601.2,within_gene,2600580
30,2600587,A,.,751,1,29,3782950,779,1,-1,BX842601.2,contig_3,cds-CAE80471.1,Bd2680,hypothetical protein predicted by Glimmer/Critica,2599160,2603878,-,BX842601.2,within_gene,2600587
31,2600588,T,.,751,1,29,3782950,779,1,-1,BX842601.2,contig_3,cds-CAE80471.1,Bd2680,hypothetical protein predicted by Glimmer/Critica,2599160,2603878,-,BX842601.2,within_gene,2600588
32,2600589,A,G,751,1,29,3782950,779,1,-1,BX842601.2,contig_3,cds-CAE80471.1,Bd2680,hypothetical protein predicted by Glimmer/Critica,2599160,2603878,-,BX842601.2,within_gene,2600589
33,2638410,A,.,2759783,36849,36849,3782950,2796631,1,-1,BX842601.2,contig_1,cds-CAE80507.1,Bd2717,hypothetical protein predicted by Glimmer/Critica,2638382,2639098,-,BX842601.2,within_gene,2638410
34,2775985,C,T,2622209,110595,174423,3782950,2796631,1,-1,BX842601.2,contig_1,cds-CAE80646.1,Bd2866,putative fibronectin type III domain protein,2773771,2777109,-,BX842601.2,within_gene,2775985
35,2886580,A,G,2511614,110595,285018,3782950,2796631,1,-1,BX842601.2,contig_1,cds-CAE80756.1,Bd2986,hypothetical protein predicted by Glimmer/Critica,2886564,2886710,+,BX842601.2,within_gene,2886580
36,3408108,.,T,1990085,198828,374843,3782950,2796631,1,-1,BX842601.2,contig_1,cds-CAE78288.1,Bd3496,conserved hypothetical protein,3407617,3408129,-,BX842601.2,intergenic,3408108
37,3606936,T,C,1791257,1,176015,3782950,2796631,1,-1,BX842601.2,contig_1,cds-CAE81095.1,dnaX,DNA polymerase III gamma and tau subunits,3607103,3608968,+,BX842601.2,intergenic,3606936
38,3606937,T,G,1791256,1,176014,3782950,2796631,1,-1,BX842601.2,contig_1,cds-CAE81095.1,dnaX,DNA polymerase III gamma and tau subunits,3607103,3608968,+,BX842601.2,intergenic,3606937
39,3606939,.,G,1791253,2,176012,3782950,2796631,1,-1,BX842601.2,contig_1,cds-CAE81095.1,dnaX,DNA polymerase III gamma and tau subunits,3607103,3608968,+,BX842601.2,intergenic,3606939
40,3606945,.,C,1791242,0,176006,3782950,2796631,1,-1,BX842601.2,contig_1,cds-CAE81095.1,dnaX,DNA polymerase III gamma and tau subunits,3607103,3608968,+,BX842601.2,intergenic,3606945
41,3606945,.,C,1791243,0,176006,3782950,2796631,1,-1,BX842601.2,contig_1,cds-CAE81095.1,dnaX,DNA polymerase III gamma and tau subunits,3607103,3608968,+,BX842601.2,intergenic,3606945
42,3606945,.,C,1791244,0,176006,3782950,2796631,1,-1,BX842601.2,contig_1,cds-CAE81095.1,dnaX,DNA polymerase III gamma and tau subunits,3607103,3608968,+,BX842601.2,intergenic,3606945
43,3606945,.,C,1791245,0,176006,3782950,2796631,1,-1,BX842601.2,contig_1,cds-CAE81095.1,dnaX,DNA polymerase III gamma and tau subunits,3607103,3608968,+,BX842601.2,intergenic,3606945
44,3606945,.,T,1791246,0,176006,3782950,2796631,1,-1,BX842601.2,contig_1,cds-CAE81095.1,dnaX,DNA polymerase III gamma and tau subunits,3607103,3608968,+,BX842601.2,intergenic,3606945
